localword,x,y
107th ave_0,25.74094655,-80.36781833
10below_0,40.71407,-73.99857
125th st_0,40.80993465,-73.95045987
12s_2,47.600712915,-122.33184223
12south_0,36.122130659999996,-86.79027426
12thman_3,34.01367,-118.28648999999999
137th ave_1,25.76100964,-80.41712729999999
14er_0,39.3972847,-106.10634059
17miledrive_0,36.60969915,-121.95632278
1871chicago_0,41.88885552,-87.63642569
20th century fox_0,34.05111111,-118.41138889
23rd street station_0,40.744105,-73.99570600000001
2blokesbrewing_0,32.871700000000004,-79.8287
2roadsbrewing_1,41.1858,-73.1422
2sp_0,39.85587556,-75.40417507000001
30_0,42.094883,-71.2662354
34th street_0,40.750474100000005,-73.98907870000001
3floyds_0,41.5354,-87.5165
42northbrewing_0,42.8177,-78.7468
49ers_0,35.22583333,-80.85277778
53rd st_0,40.758069899999995,-73.97
5th ave_0,40.76027355,-73.97614859999999
69th_1,40.7411,-73.9836
69th regiment armory_0,40.7411,-73.9836
a321_0,32.827996924999994,-97.18614569
a3c_0,33.75435734,-84.3881
a7x_2,36.15953557,-86.77812745
abq_1,35.1029228,-106.61844735
acadianationalpark_1,44.369816314999994,-68.21564831
ace hotel_0,40.74582692,-73.98810804
acreativedc_1,38.90163027,-77.03001044
actress_7,34.0453537,-118.26616999999999
actress_8,34.0221,-118.48100000000001
actress_2,25.783076225000002,-80.31496656
adcolor_0,26.3419153,-80.07801137
addison circle_0,32.9605577,-96.82701602
adele_4,40.75051355,-73.99289351
adeleconcert_0,40.75051355,-73.99289351
adelelive2016_2,40.75051355,-73.99289351
adk_1,43.968720000000005,-73.96602659999999
adpicsuf_0,33.875395,-117.89278
aerosmith_0,32.972492200000005,-117.2583618
africanamerican_1,38.89101285,-77.0298868
agourahill_0,34.1533395,-118.7616764
air canada_0,43.64315935,-79.3793292
air canada centre_1,43.64315935,-79.3793292
alcatraz_0,37.82635743,-122.42108843
altamontespring_0,28.6611089,-81.3938096
amarachi_0,40.69821777,-73.98509948
amc metreon_0,37.78444812,-122.40364373
ame_0,42.0273,-93.6316
america stadium_0,35.22583333,-80.85277778
american airline center_0,32.79054524,-96.81031638
american museum_0,40.78067282,-73.97351821
american university_0,38.93736222,-77.08835399
americanafest_0,36.16127239,-86.77844379999999
ancaster_0,43.2177791,-79.98728349999999
anchor bar_0,42.9024753,-78.86852502
andreabocelli_0,40.77141327,-73.97846342
angele_4,34.05767152,-118.28926917
angele_7,34.2678474,-118.33458313
angele_6,34.2642499,-118.18295
animal kingdom_0,28.35646759,-81.58986701
animalkingdom_0,28.35646759,-81.58986701
antelope canyon_0,36.89689623,-111.40581055
antelopecanyon_0,36.879949545,-111.372222
antihero ipa_1,41.912099999999995,-87.6413
apache cafe_1,33.77354596,-84.38938595
apple hill_0,38.7432,-120.72997
appstate_0,36.2138005,-81.68022532
arbutus_0,39.2545512,-76.696559
arcadian moon_0,38.99599106,-93.75516169
archangelsummit_0,43.64651764,-79.37618386
aria_0,44.98456877,-93.26825211
aria_1,36.10768507,-115.17652875
arlingtonheight_0,42.0883603,-87.9806265
arlingtonva_0,38.8816208,-77.10831999999999
art prize_1,42.964102755,-85.672385375
artprize_1,42.96479496,-85.67197728
artprize2016_0,42.96843213,-85.67197728
artprize8_0,42.96817946,-85.67461218
ashe supply co_0,42.335968,-83.0489731
aspens_2,39.134351605,-106.95314418999999
asseenincolumbus_3,39.96972,-83.00986
astrocreep_0,41.86228,-87.70173199999999
atandt park_0,37.77854483,-122.38977533
atandt stadium_1,32.74804916,-97.09263762
atl_11,33.64048765,-84.43798943
atl_17,33.75944044,-84.3881
atl_18,33.824288025,-84.36758135
atl_20,33.74954745,-84.317831425
atlanta area_0,33.84813795,-84.29352170000001
atlanta hartsfield southwest airline_0,33.63931594,-84.43259562
atlanta international airport_0,33.64066053,-84.43727327
atlantafalcon_0,33.826543380000004,-84.324059405
atlantis_0,26.592953970000003,-80.0989686
atleat_0,33.7754551,-84.3390055
attpark_0,37.77854483,-122.38977533
atx_6,30.2672,-97.74672974
atx_7,30.3996,-97.72317
atx_8,30.24421358,-97.80973835
atxeat_1,30.2320185,-97.75908215
auburnhill_0,42.6875323,-83.23410279999999
aus_0,30.202415205,-97.666446165
austin country club_0,30.342885365,-97.79729728000001
austintexas_2,30.26714221,-97.756654
austintown_0,41.101724700000005,-80.7645239
austintx_2,30.2672,-97.74492099999999
avemaria_0,26.3368127,-81.43798509999999
aventura_0,25.956305885,-80.14210134500001
avila_0,35.179870075,-120.73257029999999
avl_1,35.59382,-82.55362732
ayso_1,34.10506871,-117.94849174999999
azcard_0,33.447114345,-112.091750365
azcardinal_1,33.52767804,-112.26250073
badboyreunion_0,35.22535063,-80.83948391
badboyreunion_2,39.09794328,-84.50473804
badboyreuniontour_0,35.22535063,-80.83954804
badland_2,43.7478239,-101.94514699
badreligion_0,41.9187,-87.68991
bahamas_2,23.916667,-77.666667
bahamas_10,26.02682,-77.98317
bahamas_13,25.5,-76.63333333
bahamas_14,26.515721405,-78.67109509
bahamas_16,25.079729999999998,-77.34281163
balboa park_0,32.731126125,-117.14957085500001
balboapark_0,32.73131,-117.15011325
ballastpoint_0,32.72758833,-117.16987784
ballston_0,38.885218775,-77.10816865
bama_1,34.36534204,-89.53385776
bandier_0,40.74062,-73.99049000000001
bank of_0,35.22583333,-80.85277778
bankhead_1,33.77155,-84.41918000000001
bankhead westside_0,33.79445302,-84.48604823
barclay center_0,40.68327,-73.97618
barnegatbay_1,39.954719095,-74.11094197
barrie_0,44.375247740000006,-79.68676889
batesburgleesville_0,33.908666700000005,-81.53609490000001
battery garden_0,40.7016026,-74.0125731
bay area_7,37.923343105,-122.27068185499999
bayarea_7,37.78707869,-122.41799999999999
bayarea_8,37.813140000000004,-122.26831999999999
baylor university_2,32.79007258,-96.77961748
bbandt pavilion_0,39.9418983,-75.1293793
bblogger_0,40.7207559,-74.00076130000001
bdl_0,41.93064608,-72.68371696
beachlife_33,33.98769691,-118.47393793
beachlife_34,33.862047579999995,-118.40030351
beachlife_35,25.9503,-80.12127043
beachlife_21,32.849364234999996,-117.26025607
beachlife_2,26.873499834999997,-82.18089929
beachlife_6,39.290011635,-74.62634334500001
beachlife_4,29.6533716,-81.38296
beardown_1,32.23221097,-110.952092375
beardown_2,40.5992255,-74.242116255
beardown_4,41.8614717,-87.61663929999999
beatsf_1,34.07367453,-118.24027306
beattexas_0,37.87096198,-122.25090634
beaver stadium_0,40.81222222,-77.85611111
bedford styvesant_0,40.69146388,-73.93377779
bedminstertownship_0,40.65622975,-74.67778655000001
belichick_0,42.223350780000004,-71.16277288999999
bellagio_0,36.11275668,-115.17521287
bengal_0,40.44666667,-80.01583449
bengal_2,42.461651149999994,-83.565497715
bengal_5,39.097089445,-84.49740982
berklee_0,42.34712663,-71.087179
bethiphopaward_1,33.79202000000001,-84.37708495
bethiphopaward_2,33.88437245,-84.45871292
bethiphopaward weekend_1,33.7489,-84.3881
beverly hill_0,34.07305556,-118.39944444
beverlyhill_0,34.07292084,-118.39944444
bexley_0,39.96048639999999,-82.9313
beyhive_0,37.40318386,-121.97103912
beyonce_0,37.40318386,-121.97103912
beyonce_1,29.6847805,-95.41072832
beyonce_8,34.073114015,-118.24609829999999
beyonce formation_0,29.6847805,-95.41072832
big e_0,42.0916705,-72.6180697
big house_0,42.26562657,-83.7488237
big star_0,41.90916484,-87.67725581
bigapple_1,40.7425,-73.9973
bigblue_0,40.8150951,-74.07477940000001
biggby coffee_3,42.9613,-85.66610318
bill snyder_0,39.20190706,-96.59396473
billing_0,45.78521,-108.537
birdgang_0,33.527704345000004,-112.262365365
birdland_0,39.28396979,-76.62152957
biscaynebay_0,25.67203236,-80.17900316000001
bk_1,40.68710625,-73.956726
blackgirlmagic_5,37.40318386,-121.97103912
blackhill_0,43.980356830000005,-103.35727613
blackrockcity_0,40.78262222,-119.20826389
blacksabbath_0,34.11178645,-118.33883349999999
blacksabbath_2,36.103599295,-115.16914496999999
blasdell_0,42.7846067,-78.8166585
blink182_1,47.62204278,-122.35407958
blink182_3,45.74323341,-122.66666125
blue star donut_0,45.52214023,-122.682671
bmo field_0,43.632778,-79.418611
bobby dodd_0,33.7725,-84.39277778
bobby dodd stadium_0,33.7725,-84.39277778
boca_1,26.359336745,-80.1001
boilingspring_1,35.0471287,-81.9819664
boltup_1,32.783250675,-117.11990592000001
boston harbor_0,42.3602213,-71.05093559
bostoncommon_0,42.355,-71.06555556
bostonredsox_0,42.34644218,-71.09719140000001
bowery_0,40.72110157,-73.99315079
brampton_3,43.68845,-79.7624177
breast center_0,29.589074800000002,-95.63112149999999
brewer s choice_0,28.37275,-81.54875000000001
brickell_1,25.76512986,-80.19246
bricktownship_0,40.057833200000005,-74.14079050000001
bridgestone arena_0,36.15953557,-86.77812745
bristol motor speedway_0,36.51596501,-82.25768931
brockville_3,44.5895244,-75.6842858
bronco_0,39.743610345,-105.01873638500001
broncos_7,39.74350396,-105.02009547
broncos_8,39.6867884,-104.88464009999998
broncos win_0,39.743456200000004,-105.0173773
broncoscountry_0,39.74350396,-105.02008390000002
brooking_0,44.3113573,-96.7881
brooklyn book_0,40.69313754,-73.99012226
brooklyn bridge_0,40.70433979,-73.99525108
brooklynbookfestival_0,40.69313754,-73.99012226
brooklynbridge_0,40.70433979,-73.99525108
brown band_0,27.99294199,-82.36398777
bryant park_0,40.75355,-73.98504
brycecanyon_0,37.62815019,-112.156944
bucktown_0,41.91726336,-87.678795295
bucs_0,27.997814,-82.50312522
bullsonparade_0,29.71097031,-95.41464454999999
burlon_0,43.32573,-79.799235
burningman_1,40.78262222,-119.20826389
bushwick_0,40.6990789,-73.92086201500001
butchwalker_0,34.051814799999995,-118.2669242
butterfly project_0,30.28094129,-97.73865532
bwi_0,39.17923277,-76.66845455
bychefchloe_0,40.726535,-74.00261
bychloe_0,40.72918,-74.00097
cabazonca_0,33.9175154,-116.7872399
cable car_0,37.775,-122.41799999999999
cadillacranch_0,35.18835729,-101.9872686
caesar_0,36.11693827,-115.17488526
caledon_1,43.8667,-80.0
caledon_3,43.8363372,-79.87448359999999
cali_40,34.0304,-118.779
cali_49,38.44092554,-122.38190381
cali_51,34.101655,-118.346501545
cali_53,34.0522,-118.243
cali_57,33.66836395999999,-117.870901085
cali_59,32.73131,-117.15148
cali_15,37.7701,-122.40100000000001
cali_2,35.955637955,-121.489730815
calif_0,34.04771608,-117.91684767
calif_5,34.15529297,-118.39444076500001
californialove_5,34.00638,-118.39689687
calilife_0,34.0221,-118.26282894
camden yard_0,39.28396979,-76.62152957
camelback_2,33.441127995,-112.036907125
canadianart_0,43.6481768,-79.39301959
canelo_4,34.03153081,-118.30456647
canolaconnect_0,43.962229,-79.30764355
cape_9,28.371071,-81.556771
cape_12,41.8376204,-69.98470943
cape cod_1,41.73158377,-70.1887
capecod_14,41.729019455,-70.214864035
capitola beach_0,36.97132646,-121.95240249
capsuleshow_0,40.76931065,-73.99580363
cardinal game_1,33.52812869,-112.26250073
career flexibility_0,39.1031971,-84.5064881
carolinapanther_0,35.220484305,-80.85550555500001
carrieunderwood_0,32.79054524,-96.81031638
carrollwood_2,27.950575,-82.4571776
catalina island_0,33.34601684,-118.32481384
catawba college_0,35.69171594,-80.48459686
cbc_0,38.89755482,-77.031797
cbcfalc16_0,38.89755482,-77.02305653
cbs_3,34.125015005,-118.37831675
cbusfoodscene_0,39.98548248,-82.99967395
cedarrapid_0,41.9778795,-91.66664048
celinedionvegas_0,36.11805694,-115.1745801
central park_0,40.77274259,-73.972216
centralpark_0,40.7724876,-73.97241681
centurycity_0,34.0583989,-118.4190067
centurylink field_0,47.59502583,-122.33184223
cerrito_0,33.86162915,-118.06479498499999
cfe arena_0,28.60712998,-81.19744062
cfs_0,46.731354700000004,-117.1591991
chamblee_0,33.8920468,-84.29881259999999
chancetherapper_0,34.11951871,-118.29611752
chandleraz_0,33.3061605,-111.8412502
charger_2,32.78335453,-117.12012593
charity runner_0,41.93906338,-87.97658289
charlestonsc_1,32.7893,-79.9389801
charlottefashionweek_0,35.21674,-80.85762
charlottenc_2,35.226388885,-80.843216665
chautauqua park_0,39.996827865,-105.28468754
cheektowaga_0,42.9199558,-78.7528326
cheesesteak_1,39.951942595,-75.15178929
chelseamarket_0,40.7425,-74.0061
chi_6,41.8856201,-87.6370449
chicago midway_0,41.78542507,-87.75082827
chicago ohare_0,41.97684515,-87.90294324
chicagobear_0,41.86209229999999,-87.61663929999999
chicagobears_0,41.86209229999999,-87.61663929999999
chicagocubs_0,41.94790188,-87.65583246
chicagolife_0,41.88165,-87.63809016
chihalf_0,41.87957,-87.65789699999999
children s mercy park_0,39.1231253,-94.8241348
china town_0,40.717583700000006,-73.998858265
chinatown_1,34.0643,-118.23834
chinatown_3,43.65299466,-79.39708672
chinatown_0,40.715191499999996,-73.99801706
chitown_8,41.885190265,-87.62730893
chitown_9,41.8369,-87.6844
choose901_1,35.11728884,-89.90809599
choose901_2,35.144999435,-90.03793578
christian louboutin_0,43.66820544,-79.389745595
chseat_0,32.78999,-79.93871
chubbuck_0,42.9207477,-112.46609120000001
chvrche_2,33.78312159,-84.37333333
cibccareer_0,43.564438,-80.2913523
cincy_2,39.110620000000004,-84.51257957499999
cinderellascastle_0,28.41630219,-81.58050366
cinespia_0,34.0952125,-118.30704
circuit_1,30.13441423,-97.63952656
citi field_1,40.75683419,-73.84602157
citi field_2,40.75331,-73.99641
citifield_1,40.75683419,-73.84602157
city of buffalo_0,42.935398,-78.866096
city of cleveland_0,41.5097029,-81.68728270000001
cityoforange_0,40.7706187,-74.2326478
claflin university_0,33.49803533,-80.85371275
clay county fair_0,43.1528015,-95.1552734
cle_2,41.4999,-81.68728270000001
cleve_0,39.1617242,-84.7497075
cleveland brown_1,41.50792671000001,-81.69388879
cleveland hopkin_0,41.41068014,-81.83913659
clevelandheight_0,41.5148759,-81.5593005
clt_3,35.22535063,-80.84333333
cltbeer_1,35.20118,-80.86964990000001
club leconte_0,35.96247069,-83.916137575
cn tower_0,43.642670734999996,-79.38714722
cobourg_0,43.959770855,-78.16721815
coconutgrove_0,25.72958575,-80.23858385
colma_0,37.6771009,-122.46586121
colonie_0,42.717855799999995,-73.8334554
colorado spring_2,38.8634,-104.792
coloradocrush2016_0,39.769053005,-104.980545245
coloradospring_2,38.852371149999996,-104.792
colorfulcolorado_0,39.6389,-105.336
colour_12,43.70036362,-79.3674
colours_1,43.7166,-79.38289909
columbia college_0,41.86947,-87.6246199
columbia university_0,40.80738596,-73.96261449
comic con_0,33.76484015,-118.19116754
comstocktownship_0,42.284453899999995,-85.4581859
coney island_0,40.57453824,-73.98045494
coneyisland_1,40.57477,-73.98025202
confluencecon_0,35.51520016,-97.52954831
convocation center_0,35.8454,-90.6703
coonrapid_0,45.1732394,-93.30300629999999
coor field_1,39.75604414,-104.99410443
coorsfield_0,39.75604414,-104.99410443
coral spring_0,26.260339000000002,-80.2592
coralspring_0,26.271192,-80.27060440000001
corelife eatery_0,43.08493743,-75.31945467
corralitos_0,36.988562,-121.80634180000001
cosplayer_0,33.76484015,-118.19116754
coterie_1,40.75745426,-74.00189422
coterienyc_0,40.75745426,-74.00128227
cottagelife_2,45.047395,-79.29424
councilbluff_0,41.2619444,-95.8608333
cowboys_9,40.74852489,-74.06156782
cowboys_10,38.907684035,-76.86383912
cowboys_12,32.69643585,-97.049194195
cowboys_8,32.923976785,-96.787008875
cowlesmountain_0,32.80704657,-117.03601272
cranberrytownship_0,40.6849626,-80.10713790000001
cranburytownship_0,40.3025907,-74.511172
creative study_0,42.3675195,-83.07432486
crossvegas_0,36.12746286,-115.274840305
crown height_1,40.670313,-73.956726
csun_0,34.2381524,-118.52948635
csxjobs_0,30.3321838,-81.655651
cta_1,41.92458342,-87.6526641
cub_4,41.94790188,-87.65583246
cubs_0,41.94790188,-87.65583246
culver hotel_1,34.02390086,-118.39424329
dabear_0,41.86209229999999,-87.61663929999999
dabears_0,41.861859455,-87.61657309
daily press coffee_0,40.68145911,-73.95565903
dalla_4,32.89859385,-97.03909138
dalla_9,32.88134345,-96.84915722
dalla_12,32.7833,-96.8
dalla_13,32.8379626,-96.77038134
dalla_14,32.76353204,-96.834220955
dallas central_0,32.7766642,-96.7969879
dallas fort_0,32.897944005,-97.03840965
dallaspride_0,32.810951875,-96.81194417
dalvswas_1,38.904619354999994,-76.946743345
dana point harbor_0,33.46126639,-117.6953463
danforthmusichall_0,43.67631861,-79.35702223
danver_0,42.5750009,-70.93212199999999
daytona_1,29.2073,-81.0379
dca_0,38.853434,-77.04248088
ddlovato_0,33.9583,-118.34186000000001
de moine_1,41.5909,-93.6209
death cab_0,41.860049860000004,-87.7
deathcabforcutie_0,43.6368873,-79.40675240000002
deepellum_0,32.784315,-96.78203959500001
del mar country club_0,32.978555300000004,-117.1957709
deltavacationsu16_0,33.64528382,-84.45658119
demi_0,33.9583,-118.34186000000001
demi lovato_0,33.95829021,-118.34174178
demilovato_0,33.9583,-118.34186000000001
democrat point_0,40.622852475,-73.294559995
denver international airport_0,39.855096,-104.673738
denverbroncos_1,39.743610345,-105.01873638500001
deschute_0,45.524609999999996,-122.68186999999999
desert_11,28.39844978,-81.47545314499999
desert_38,33.824,-116.53
desert_40,33.43616244,-111.95951000000001
desert_35,36.12779905,-115.27591778
despere_0,38.600886200000005,-90.4328968
desplaine_0,42.03336229999999,-87.88425304999998
detroithustlesharder_0,42.34772893,-83.04134685
dfw_1,32.89859385,-97.03840965
dga_0,34.097640935,-118.36250658
disney s animal_0,28.35646759,-81.58986701
disney s magic kingdom_0,28.41630219,-81.58050366
disney spring_0,28.37142018,-81.51765994
disneydream_0,28.41373253,-80.62915802
disneyland_6,33.81224332,-117.91887759999999
disneys_1,28.358333000000002,-81.58050366
disneyworld_3,28.37388623,-81.56393537
district of_0,38.8951,-77.0367
dmv_7,38.947390999999996,-77.449417245
dmv_10,38.90183154,-77.03189
dnce_0,33.7819091,-84.37080838
dnce_1,33.95829021,-118.34174178
dodger_10,34.07367453,-118.24027306
dodger dog_0,34.07367453,-118.24027306
dodger game tonight_0,34.07367453,-118.24027306
dodger stadium_0,34.053489899999995,-118.24531999999999
dodgers_1,34.07367453,-118.24027306
dodgerstadium_0,34.07367453,-118.24027306
dolore_0,37.75950181,-122.42703343
dolorespark_0,37.75950181,-122.42703343
domain_2,30.399165555,-97.72588288
dontlookatme_1,34.07293025,-118.240706615
donut bar_0,32.717639899999995,-117.15865330000001
doover sf_0,37.767154999999995,-122.40685333
doraville_0,33.898157899999994,-84.2832564
dorval_0,45.45016065,-73.75002425
dottiestruebluecafe_0,37.78183393,-122.40984646
dougla park_0,41.86,-87.7
douglass park_0,41.85764102,-87.69639495
downtown atlanta_0,33.75944044,-84.38915971
downtown la_2,34.045516,-118.250881
downtown los angele_3,34.056999999999995,-118.238
downtown orlando_0,28.54214568,-81.3792297
downtown phoenix_1,33.4532,-112.07425
downtown san diego_0,32.71353993,-117.16042240000002
downtownindy_0,39.77027778,-86.16027778
downtownla_0,34.0505972,-118.25114995000001
downtownmiami_0,25.773369950000003,-80.192750045
downtowntoronto_1,43.67115,-79.3836
dragoncon_0,33.76088578,-84.38581679
dtla_4,34.048110550000004,-118.24996575
dtlv_1,36.17042683,-115.14010619999999
dtlv_2,36.05712404,-115.17125202
dtsa_0,33.74802171,-117.86569602999998
dtsp_1,27.77203294,-82.64634699999999
dulle_0,38.949685295,-77.44795965
dumbo_0,40.70324597,-73.98973106
duquesne university_0,40.43687735,-79.99043216
dym100_0,33.63088557,-117.92236898
east river_1,40.74018,-73.97106
eastbay_0,37.85938262,-122.27629167
eastern market_2,42.34698,-83.03994
eastern michigan_0,42.25001162,-83.62291182
eastlosangele_0,34.0224417,-118.1669736
eaststlouis_0,38.624514000000005,-90.1506465
eastvillage_0,40.7267,-73.98501831
eau claire wi_0,44.86790442,-91.51012277
ebike_1,36.08875367,-115.17745261
echopark_0,34.0773042,-118.26037649
echostage_0,38.9198914,-76.9724197
eddie george_1,39.9611755,-82.9987942
edelman_1,40.74249922,-73.94790585
eglinton_0,43.69918798,-79.42071
eij16_1,29.95330693,-90.06793905
el corazon_0,47.61875119,-122.32920724
eldoradospring_0,37.8628797,-94.02412159999999
elleven45_0,33.81203,-84.39275
emmy_10,34.04501185,-118.26616999999999
emmy_11,34.08950479999999,-118.37735
emmy award_2,34.052476155,-118.25578636
emmy award_3,34.07934027,-118.3779835
emmys_29,34.04467,-118.26604059
emmys_30,34.08648888,-118.37216644
emmys_2,39.017660594999995,-76.91519690999999
emmys_18,40.7209603,-74.00358065
emmys2016_7,34.04467,-118.26616999999999
emmys2016_8,34.0951766,-118.37216644
emory university_0,33.79303,-84.32347
empire state_0,40.74900325,-73.98559478
empirestate_0,40.74900325,-73.98621329999999
enriqueiglesias_0,36.11798645,-115.17467646
epcot_0,28.3756625,-81.5494125
epcot food_0,28.3756625,-81.5494125
epic steak_0,37.79086667,-122.38941338
equinoxmademedoit_0,40.77067,-73.97983477
evergladesalligator alley_1,26.15257168,-80.74018416
eveshamtownship_0,39.891224799999996,-74.9218324
exit_1,40.935498499999994,-73.8674505
expo_8,41.89148871,-87.60282209
expo_9,36.1315,-115.152
expo_2,39.28396979,-76.62152957
expoeast_1,39.28593035,-76.61642075
fair oak_0,38.639333125,-121.270292125
fall color_0,40.77511772,-111.73845
fall color_1,39.4401,-105.8775
fallcolor_7,39.19689082,-106.886951385
fallcolor_6,39.550186725,-106.045081445
fan village_0,43.650991864999995,-79.35748749
farmingtonhill_0,42.4989936,-83.3677168
fashion island_0,33.61597836,-117.87548365
fashion week_2,40.7142,-74.0064
fashionopolis_0,44.98456877,-93.26825211
fashionweek_1,40.7519265,-74.001005925
favourite_2,43.699079999999995,-79.367756655
fedex_0,38.90751098,-76.86379604499999
fedex field stadium_0,38.90751098,-76.86407199
fedexfield_0,38.90785709,-76.86383912
fedexforum_0,35.13833333,-90.05055556
fenway park_0,42.34644218,-71.09719140000001
festival pier_0,39.95254179999999,-75.139999
fidi_0,40.711598655,-74.011055315
fieldworkbrewingco_0,37.88122053,-122.30211347
fifth avenue_0,40.73826464,-73.99196534
fillmore auditorium_0,39.74051613,-104.97720019
fire island_0,40.656926569999996,-73.14809505
first nation_0,43.949966665000005,-78.85633601
fisherman s wharf_0,37.80826125,-122.41426363
fiu_2,25.784408345000003,-80.208250405
flatbush avenue_0,40.6425,-73.9575
flatiron building_0,40.665243614999994,-73.95014022000001
flatiron district_0,40.74114,-73.99011
florida key_0,24.72928541,-81.03630608
floridacity_0,25.447889800000002,-80.4792237
floridahateweek_1,35.96394798,-83.93397189999999
floridalife_6,30.211368985,-81.537727045
followyournola_2,29.95827424,-90.066840535
fonda theatre_0,34.10135288,-118.32324027
foodandwine_0,28.37173461,-81.55027428
ford field_0,42.33965837,-83.04581708
formation_1,37.40318386,-121.97103912
formationworldtour_3,37.40318386,-121.97103912
fort myer_0,26.57796953,-81.86261651000001
fort zumwalt_0,38.7889,-90.67883276
fortcollin_1,40.55163055,-105.067602615
fortmyer_0,26.640628000000003,-81.87230840000001
forum_0,33.9583,-118.34186000000001
fourth presbyterian church_0,41.89873781,-87.62450917
francisco international airport_0,37.61551439,-122.38587174
franklinlake_0,41.016763899999994,-74.2057011
franklintn_0,35.92520057,-86.8687892
freeway_8,33.839657134999996,-118.00333892
freshhop_0,45.555747999999994,-122.662577
frothy monkey_0,36.14428346,-86.78545922
fsu_3,30.43996903,-84.2899
ftmill_0,35.007369700000005,-80.9450759
fwmn_0,44.9852753,-93.2744255
gallivan center_0,40.7644,-111.89
garden state_1,40.91532869,-74.0767014
garethemery_0,34.09850416,-118.3244838
garth brook_0,33.80771,-117.87647
garthbrook_0,33.80771,-117.87647
gator golf_0,36.10007008,-94.149253015
gbr_3,40.820739020000005,-96.70593447
generationbeauty_0,40.681999999999995,-74.01433333
george bush_0,29.98444444,-95.34138889
george mason university_0,38.82972474,-77.30820681
george washington bridge_0,40.8529434,-73.9669189
georgetowntownship_0,42.8999725,-85.8299053
georgiatech_0,33.7725,-84.39277778
giant game_2,40.814415819999994,-74.07933898499999
giantspride_0,40.8150951,-74.07477940000001
gidding_0,30.182715899999998,-96.936371
gillette stadium_0,42.094883,-71.2662354
gillettestadium_0,42.094883,-71.2662354
giorgiporgi_0,34.048913299999995,-118.2451341
glacier national park_0,48.50250247,-113.901879595
glacier point_1,37.7308,-119.573
glaciernationalpark_2,48.50250247,-113.98675919
glass floor_0,43.64275278,-79.38714722
glenbard_0,41.864702825,-88.01669376999999
glendaleheight_0,41.910306799999994,-88.0717353
glenwoodspring_0,39.5552749,-107.3419673
gmen_4,40.8150951,-74.07477940000001
gobear_1,41.86209229999999,-87.61663929999999
gobear_3,37.87096198,-122.25090634
goblue_1,40.78067282,-73.97351821
gobroncos_0,39.743610345,-105.02009547
gobrown_1,41.5061,-81.6996
gobucs_0,36.541116005,-82.229825155
gocanadago_0,43.64315935,-79.3793292
gocard_0,37.77854483,-122.38977533
gocat_1,32.230610195,-110.94987385499999
gocubsgo_1,41.94790188,-87.65583246
gododger_1,34.07367453,-118.24027306
gogator_1,29.65,-82.348611
gohawks_0,47.6064,-122.331
goirish_0,41.6983,-86.2339
goldcoast_0,41.902880745000004,-87.62959181
golden gate bridge_0,37.8183,-122.47846000000001
goldengatebridge_3,37.817903115,-122.47800933
gomariner_0,47.59146558,-122.33252560000001
gonerfest xiii_0,35.2014,-89.83205000000001
good morning boulder_0,40.0194,-105.259
gopanther_0,35.225879434999996,-80.85167974
goram_0,34.01367,-118.28648999999999
gorams_0,34.01367,-118.28648999999999
gotexan_5,29.68513756,-95.4108043
gotribe_0,41.49602653,-81.68533882
government_1,39.192978000000004,-76.788265
graffitialley_0,43.6475277,-79.40024
grand central_0,40.75266173,-73.97742434
grand central terminal_0,40.75266173,-73.97742434
grand rapid_2,42.9613,-85.659711765
grand teton_3,43.65549,-110.71795
grandcentralstation_0,40.75266173,-73.97742434
grandchute_0,44.2631756,-88.4767887
grandrapid_1,42.963244105,-85.66661870499999
grandteton_2,43.65549,-110.71795
grandtetonnationalpark_0,43.8460905,-110.6473085
grape street_0,36.14829953,-115.333062305
great adventure_0,40.13813054,-74.43950401
great notion_0,45.558875,-122.642845
greatfall_0,47.49522045,-111.29687375
greek row_0,35.8448048,-86.35295762
greenpoint_0,40.72979,-73.95517
greenwichct_0,41.0264,-73.6289
greenwichvillage_0,40.731265,-74.00107825
griffithobservatory_0,34.11905656,-118.29986559999999
griffithpark_1,34.12009234,-118.30046204
gronk_3,42.09058306,-71.27029418
guelph_1,43.54179736,-80.24816700000001
gumbo shop_0,29.9577537,-90.0646057
gumwall_0,47.6081,-122.34
gwa2016_2,34.375433,-84.276639
h street festival_0,38.90022533,-76.98958987
haight street_0,37.7701,-122.446
half moon bay marathon_0,37.4588,-122.44400524
halloweenhorrornight_2,34.13830718,-118.35260869
hamont_1,43.2553,-79.8692
happiestplaceonearth_0,33.81224332,-117.91887759999999
harahan_0,29.9404826,-90.2031313
harbor_1,39.282879799999996,-76.6020176
harborlight_1,42.3381437,-71.04757729999999
hardrocklive_0,28.47352496,-81.46700601
harlem usa_0,40.80993465,-73.95045987
harpoon_0,42.052949999999996,-71.126
harrypotter_0,28.4728,-81.47177769
hartsfieldjackson_0,33.64048765,-84.43506342
hartsfieldjackson atlanta_0,33.640486635,-84.43503186500001
haunted mansion_0,33.81166763,-117.92178215000001
hauntedmansion_1,33.81166763,-117.92167851
hazel park raceway_0,42.47281994,-83.08823797
hb_1,33.6929,-118.0
hbo_7,34.0823,-118.382
heb_0,29.552819,-98.157261
heinz field_0,40.446309899999996,-80.0163199
hello chicago_1,41.890666350000004,-87.62576688
helote_0,29.56793305,-98.68472679999999
herewego_0,40.44666667,-80.01583333
hermosa beach pier_0,33.86202188,-118.40107115
hermosillo_0,29.076409535000003,-110.95576864
hhn26_0,28.47606201,-81.46729338
highlandheight_0,41.551995399999996,-81.4784522
highline ballroom_0,40.74308064,-74.00569518
highway1_1,37.28064642,-122.40822342
hilton head_0,32.1788,-80.743
hiltonhead_0,32.2154375,-80.743
hiv_1,25.77508716,-80.2732666
hockey_8,33.961502780000004,-118.08378976
hockey_9,43.64456739,-79.3793292
hodgkin_0,41.7689207,-87.857835
hoffmanestate_0,42.06698345,-88.12048645
hogwart_0,28.4728,-81.4734
holden beach_0,33.914251725,-78.27430989000001
hollandmichigan_0,42.777,-86.1066
hollyspring_0,35.65561675,-78.8418869
hollywood bowl_0,34.11192549,-118.33864386
hollywood hill_0,34.12,-118.34231576
hollywood studio_0,28.3579363,-81.558907455
hollywoodbowl_1,34.11192549,-118.33864386
hollywoodsign_1,34.114113175,-118.31320104
hollywoodstudio_0,28.358333000000002,-81.55888900000001
honeoyefall_0,42.952285499999995,-77.59027590000001
honey butter_0,41.942592,-87.702715
hookem_1,37.87096198,-122.25090634
hoover_0,33.40125503,-86.8113781
hoover dam_1,36.015556,-114.737778
hooverdam_1,36.015556,-114.737778
hospital havertown_0,39.9763656,-75.3149796
hottytoddy_0,34.3657,-89.53280111500001
house of blue dalla_0,32.78516,-96.80830999999999
houston symphony_0,29.76095346,-95.36512793
houstontexans_2,32.20997458,-97.09576881000001
houstontexans_6,29.68513756,-95.41085967
houstontexans_7,29.7629,-95.38753424
htown_7,29.762465600000002,-95.3832
httr_5,38.90785709,-76.86383912
htx_1,29.751943085,-95.38441362500001
hudson terrace_0,40.76390976,-73.99771497
hudson yard_0,40.754661,-74.003783
hudsonriver_2,40.7519504,-74.01062009
hudsonvalley_1,41.64756,-73.9589
hurricanebianca_0,40.76465271,-73.9781125
huskers_3,40.82082776,-96.70593447
hutchin_0,32.6492999,-96.7130521
hyvee_0,41.59792839,-93.80757952
i190_2,43.1132995,-79.014499
i190_3,42.8736105,-78.7877545
i190 nb_0,43.1020515,-79.00403800000001
i280 eb_0,40.759244,-74.208394
i280 wb_1,40.7514035,-74.18287000000001
i490 eb_0,43.157398,-77.659599
i490 wb_0,43.14329,-77.57519
i590 nb_0,43.107299499999996,-77.587997
iad_0,38.947380225,-77.449364075
iah_0,29.9872,-95.33804351
id16_0,39.95751,-83.01125
idahofall_0,43.49601203,-112.022636805
ifbbpro_0,36.1315,-115.20231485
ifc center_0,40.73106,-74.00142
igboston_1,42.3562,-71.07600000000001
igdc_2,38.8951,-77.0367
iheartradio_0,36.13926,-115.1548
iheartradio music festival_0,36.10352,-115.1736
iloveny_5,40.7355475,-73.994473065
ilovenyc_1,40.755996505,-73.985002305
imjudgingyou_1,38.8986,-77.0247
imperial buffalo_0,42.28165,-85.7828
inbend_0,44.059109899999996,-121.31206
independent  day_0,39.95751,-83.01125
indvsden_1,39.74350396,-105.020157695
indvsden_2,39.64105851,-104.87887724
indy_2,39.77081138,-86.15650321
indycar_0,38.16045049,-122.45456750000001
ingersoll_0,43.0384164,-80.8835545
innerharbor_0,39.284774215,-76.61019598499999
innerwild_0,48.39166481,-119.91575043
innout burger_7,34.09828679,-118.361709975
instadfw_2,32.8104503,-96.8622668
instructional league_0,27.325281,-80.40480194
interbike_2,35.98276561,-114.86082882
interbike_5,36.08875367,-115.17745261
interbike2016_2,35.98276561,-114.86082882
interbike2016_3,36.08875367,-115.17745261
intercontinental airport_0,29.9872,-95.34774
international terminal_0,33.94346395,-118.40876009
interurban ipa_0,47.6353,-122.34519080000001
intheberkshire_0,42.4507302,-73.2471292
invergroveheight_0,44.8433084,-93.0427153
iowa state university_0,42.0263757,-93.64767551
iphone7_0,40.76381934,-73.97279875
irvine meadow_0,33.6381961,-117.74948567
islandsofadventure_0,28.470603269999998,-81.472195325
itfdb_1,34.07367453,-118.24027306
jacket_3,33.7725,-84.39277778
jackson hole_2,43.58811904,-110.82722450000001
jackson square_0,29.957203000000003,-90.063067
jacksonheight_0,40.7556818,-73.88307009999998
jacksonhole_1,43.56597778,-110.81252357
jacksontwp_0,40.86655,-81.4937993
jaguar_0,32.783469115,-117.12120802999999
jamesbay_0,33.78181641,-84.37040608
jamesbay_1,28.47352496,-81.46700601
japanese garden_0,45.54607262,-122.63421483000002
javaone_0,37.7842,-122.402
javit_0,40.75745426,-74.00189422
javit center_0,40.7575946,-74.00117885
jax_2,30.31927605,-81.64913272999999
jeffersontown_0,38.194774030000005,-85.5644033
jeni s splendid ice cream_0,36.12682581,-86.78918483
jetblue_3,40.64581325,-73.77554577
jfk_5,40.6433711,-73.790296215
jfk john_0,40.6433711,-73.79030164
jfkairport_0,40.64202365,-73.778889
jimmy g_0,42.094904,-71.2662354
jimmyeatworld_0,43.6368873,-79.40675240000002
kaaboo_1,32.972492200000005,-117.2583618
kaaboodelmar_1,32.972492200000005,-117.2583618
kaboo_0,32.972492200000005,-117.2583618
kannapoli_0,35.4906,-80.6184
kansa_1,38.8794,-99.3223
kanye_3,34.07914497,-118.28130777499999
kazunori_0,34.04753745,-118.24794995
kc_5,39.09129494,-94.58497857500001
kc_7,39.05141239,-94.48140423
kcrw_0,34.11192549,-118.33864386
keeppounding_0,35.22583333,-80.85206672
kerry park_0,47.62961111,-122.35941667
kettering_0,39.69,-84.16882740000001
keywestflorida_0,24.54871953,-81.79849548
kill devil hill_0,36.0254,-75.6701
killer_0,33.78181641,-84.37060722999999
killer mike_0,33.77099,-84.387183
killswitchengage_0,36.15953557,-86.77812745
kitchener_1,43.450301,-80.4833
klamathfall_0,42.2009679,-121.755866
klos_0,34.04705870000001,-118.24791534
knotts_0,33.84442002,-117.99908640000001
knottsscaryfarm_1,33.84410245,-117.99908640000001
kob_1,33.77155,-84.40364
koreatown_0,34.0618,-118.3006
kprunwalk_0,33.73936036,-84.38916229
kraftwerk_0,34.11192549,-118.33864386
kylo ren_0,28.358333000000002,-81.56113965
kyloren_0,28.358346125,-81.56013939500001
l1c4_1,38.20583333,-85.75888889
la boom_0,40.75362731,-73.90453637
la county fair_0,34.08401618,-117.7665632
la fashion week_0,34.036812499999996,-118.37433000000001
lacc_0,34.08762,-118.29336
lacma_0,34.06323597,-118.35818333
lacoliseum_0,34.01367,-118.28648999999999
ladodger_1,34.07367453,-118.24027306
ladue_0,38.6446552,-90.3301342
lady liberty_0,40.703717,-74.0064
lafoodie_1,34.04825,-118.25104852
lafreniere park_0,29.99787408,-90.211802385
laguardia airport_0,40.776437455,-73.8721185
laguardiaairport_0,40.7765079,-73.8721185
lake erie_0,41.71637529,-81.25208919
lake michigan_4,41.89867346,-87.61610637
lake michigan_6,42.99140907,-86.22495553
lakeaustin_0,30.32775632,-97.7979905
lakeerie_2,42.617647135,-79.13364256
lakefront_1,41.86788758,-87.61444496
lakemichigan_12,41.88628889,-87.624820635
lakemill_0,43.419329,-93.53252690000001
lakesuperior_5,46.78181184,-92.09344818
lakesuperior_8,47.160525605,-91.43469865
laketahoe_4,39.24030216,-119.94324547
laketahoe_2,38.95597178,-120.00531000000001
lakewale_0,27.9014133,-81.5859099
laram_1,34.01367,-118.28648999999999
larams_1,34.01367,-118.28648999999999
las_2,36.116262,-115.14267155
las vegas strip_0,36.12083333,-115.17222222
lascruce_3,32.3198198,-106.7643269
lasvegasblvd_1,36.11235467,-115.17222222
lasvegasstrip_1,36.112555674999996,-115.17183663
latingrammy_0,34.0417387,-118.257
laval_0,45.6,-73.7333
lawrencetownship_0,40.30997670000001,-74.687275
lax_1,33.9442368,-118.3975983
lbc_1,33.76448067,-118.18085959999999
lbc carolina crusher_0,35.8087,-78.6211
lbcc_0,33.76484015,-118.19116754
lbcc2016_0,33.76484015,-118.19116754
ldnont_0,42.99027,-81.24947291
le jardin_0,34.09711965,-118.32914942
leed_0,33.5481597,-86.54442879999999
lehighacre_0,26.625349699999997,-81.6392
letsgododger_1,34.07367453,-118.24027306
letsgomet_1,40.75683419,-73.84602157
leucadia_0,33.06444582,-117.30137209
levi s stadium_0,37.40318386,-121.97103912
levis_0,37.40318386,-121.97103912
lgm_2,40.75683419,-73.84602157
liberty island_0,40.75676325,-73.98848309
liberty university_0,37.35101059,-79.17909575
lic_0,40.74515975,-73.949673435
lifeisbeautiful_9,36.169940999999994,-115.13910888000001
liftsocial_1,39.743005995000004,-104.993446715
lincoln theatre_0,38.91719956,-77.0290554
linthicum_0,39.205107700000006,-76.65274559999999
little italy_0,40.718822,-73.997524
little italy_2,32.72416667,-117.16832050000001
littlefall_0,45.9805556,-94.3694444
littleitaly_0,40.7191,-73.99752
lnk_0,40.780229999999996,-96.70732
loew s jersey theatre_0,40.7322,-74.0645
londonairshow2016_0,43.02852318,-81.14899132
lonestarleman_0,30.13441423,-97.63952656
longbeachcomiccon_1,33.76484015,-118.19116754
los_9,34.0522,-118.243
los_13,33.9442368,-118.3975983
los angele_3,34.08584671,-117.76235984
los angele_6,34.0522,-118.243
los angele_7,34.09009089,-118.34968728
los angele_8,34.040448,-118.46334399999999
los angele_12,33.9442368,-118.3975983
los angele memorial_0,34.01367,-118.28648999999999
losangele_16,34.0522,-118.24791534
losangele_17,34.09215162,-118.35642
losangele_18,33.98519023,-118.44145549999999
losangele_19,34.1463701,-118.180954985
losangele_20,33.991387425,-118.472757995
losangelesdodger_0,34.07367453,-118.24027306
losangelesrams_0,34.013765164999995,-118.28648999999999
losfeliz_0,34.10745723,-118.281393055
louis_1,29.98616125,-90.25635426
lovefl_11,28.75450151,-81.33937
lsu_0,30.412483399999996,-91.17970006
ltrain_0,40.718631695,-73.95796046500001
ludwig field_0,38.988070175000004,-76.950325955
luke bryan_0,32.588028905,-117.00604951
lumineer_0,36.1592789,-86.7719727
lumineer_1,33.78216673,-84.37060722999999
lv_2,36.11693827,-115.17356902
mad decent block party_0,33.27039278,-111.98213325
mad greek_0,35.26583961,-116.07471346
maddecentblockparty_0,33.27026927,-111.98345952
madison square_0,40.75051355,-73.99289351
madison square garden_0,40.75051355,-73.99289351
madisonavenue_0,40.75435849,-73.978268215
madisonsquaregarden_0,40.75051355,-73.99289351
madisonsquarepark_0,40.74222497,-73.98836113
magic kingdom_3,28.41630219,-81.58050366
magickingdom_1,28.41630219,-81.58050366
magnificent mile_0,41.89390971,-87.62428008
magnifique_0,47.101000000000006,-119.995
magnolia market_0,31.5527,-97.1297699
mainstreetusa_1,28.417417880000002,-81.58064869
mall of america_0,44.840798,-93.29827990000001
mallorysquare_0,24.55985456,-81.80772296
mallorytown_0,44.4842752,-75.871030195
mammothmountain_0,37.64617381,-118.979
mammothstory_0,37.65078398,-119.0373189
manalapantownship_0,40.2859203,-74.348582
manayunk_0,40.02482766,-75.22255992
mandalay_0,36.08875367,-115.17745261
mandalay convention_0,36.08875367,-115.17745261
mandalay convention center_0,36.08875367,-115.17745261
manhattanbridge_0,40.70324597,-73.98812024
mapleheight_0,41.4153313,-81.565956
margate_0,26.244526300000004,-80.206436
marian schuster_0,39.760933615,-84.193002665
marinacity_0,41.88775431,-87.62879307
mariner_5,47.59146558,-122.33252560000001
maroon bell_1,39.0708,-106.98899999999999
maroonbell_1,39.0708,-106.98899999999999
mary jane fall_0,36.26673892,-115.66008808000001
matherafb_0,34.579427100000004,-117.37166940000002
maya rudolph_0,42.35180775,-71.11947299
mbta_1,42.34749104,-71.0833433
mccarran_0,36.08300488,-115.14687775
mcmenamin_0,45.52478054,-122.69150791999999
mdw_0,41.78792993,-87.74329609
meadowland sport complex_0,40.786899,-74.073949
meatpackingdistrict_0,40.74066964,-74.00657332
medalmonday_0,39.96415122,-75.164627325
medical asstreceptionist ii_1,38.63682545,-90.4571282
medusa restaurant_0,33.843106299999995,-84.3283162
melt bar_0,41.439728335,-81.72167504
memorial coliseum_0,34.01367,-118.28648999999999
memorial stadium_0,40.82065028,-96.70593447
mendotaheight_0,44.8835768,-93.13827490000001
menomonee fall_0,43.15537985,-88.10131508
menomoneefall_0,43.179707799999996,-88.1173132
mercy lounge_0,36.1530473,-86.78052326
met_13,40.766284999999996,-73.974578105
met_14,40.75683419,-73.84602157
met_1,33.8565,-118.18710462
metlife_0,40.8150951,-74.07477940000001
metlife stadium_0,40.8150951,-74.07477940000001
metlifestadium_0,40.81417164,-74.07477940000001
metra_1,42.09483637,-87.881898525
metro gallery_0,39.30882377,-76.61652812
metropolitan_1,40.77913489,-73.96294635
mia_2,25.78973351,-80.26927912
miami intl airport_0,25.80225509,-80.28364794000001
miamifl_0,25.7616798,-80.1917902
miamiflea_0,25.78867065,-80.19402009
miamifood_0,25.83851317,-80.15812419
miamilife_3,25.7906401,-80.13558341
miamispice_0,25.795402,-80.143992
michigan state university_0,42.73271349,-84.48003059
mickey_5,28.41630219,-81.58050366
microsoft theater_0,34.04467,-118.26616999999999
midtown_0,40.75051355,-73.98644
midtown_1,33.78345092,-84.383613965
midway sf_0,37.749454,-122.38600600000001
milehigh_1,39.741458365,-105.00384611999999
milehighcity_0,39.743456200000004,-105.0173773
milleniumpark_0,41.88270833,-87.62266667
milpita_0,37.43116705,-121.8995741
minneapoli_1,44.97930561,-93.2650108
miramar_3,25.9788,-80.29552434
misfit_0,41.86009972,-87.699495025
mission district_0,37.75267095,-122.42
mississauga_1,43.6,-79.65
missouri state university_0,37.19966785,-93.27995303
mizzou_0,38.94400001,-92.32740817
mke_0,43.033968415000004,-87.90471015
mlbmemorybank_0,34.07367453,-118.24027306
mm2016_0,33.7819091,-84.37333333
mnsshp_3,28.417708285,-81.58118106500001
mnviking_0,44.97354,-93.25751
mobsquad_1,34.01367,-118.28648999999999
models_0,40.7519265,-73.995284
moffettfield_0,37.41752,-122.0525
moma_0,40.76147946,-73.97717588
moma ps1_0,40.7456207,-73.9461975
momaps1_1,40.7456207,-73.9461975
monsterpalooza_0,34.194520000000004,-118.34723000000001
montage mountain_0,41.34875465500001,-75.66811748500001
monterrey_1,25.6667,-100.3
morehouse college_0,33.746449,-84.4152393
morgenstern_0,40.72148054,-73.99318829999999
motorcity_1,42.3314,-83.0458
motorwork_0,27.490790000000004,-82.57157
mpls_3,44.97610815,-93.26651186
mrolympia_0,36.124763665,-115.15361834000001
msg_0,40.75051355,-73.99289351
msp_2,44.9808,-93.2636
msp_3,44.88218537,-93.20963846
mta_0,40.7284696,-73.960339845
mtl_1,45.50644584,-73.57689
mtlebanon_0,40.357213,-80.05209509999999
mtshasta_1,41.3105658,-122.33916667
mtsu_0,35.84961188,-86.36633609
multnomah fall_0,45.57727,-122.11745
mumfordandson_0,34.11951871,-118.29611752
muralsinthemarket_0,42.34698,-83.03918601
museum of modern_0,40.761450705,-73.977097575
music city usa_0,36.15362094,-86.78776439
music midtown_0,33.78611111,-84.38295696
music midtown festival_0,33.78181641,-84.37040608
musiccity_1,36.1619,-86.78388889
musicmidtown_1,33.781842215,-84.37080838
musicmidtown2016_1,33.78611111,-84.374736385
muskoka_3,45.0,-79.37157166
mxbcn_0,32.6623967,-115.5246643
mydayinla_1,34.06057756,-118.34485193
myottawa_0,45.42058333,-75.7
nacogdoche_0,31.6089,-94.6530684
nao_0,41.92592833,-87.64970414
napa valley_3,38.30036079,-122.30149255
napa valley_4,38.411076385,-122.33175932
napavalley_3,38.302580395,-122.31144078999999
napavalley_4,38.404392810000004,-122.364822955
napavalley_6,38.56724067500001,-122.54588068000001
naple_1,26.1529,-81.7985
naplesflorida_2,26.20291425,-81.80642837
nasa_1,28.52351691,-80.68173058
natronaheight_0,40.62314,-79.724739
navy pier_0,41.89145729,-87.60824827
navy yard_0,38.87700278,-77.00162778
navyairforcehalfmarathon_0,38.88604985,-77.03533279000001
ncan2016_0,42.329018794999996,-83.03995192
nccu_0,35.97467,-78.89805
netde_1,39.736637935,-75.560183875
new lab_0,40.698574,-73.975089
new orlean_0,29.9693,-90.06504328
new stadium_1,44.97354,-93.25751
new york city_4,40.758390000000006,-73.98644
new york city ballet_0,40.77223435,-73.98318169
new york fashion week_0,40.74196,-73.99969999999999
newenglandpatriots_1,42.09297455,-71.26520903
neworlean_1,29.955881800000004,-90.06745206
newportri_0,41.488002,-71.31262199999999
newyorkcity_8,40.7142,-74.0064
newyorkcity_9,40.758390000000006,-73.98559478
newyorkcity_2,40.6805,-73.82456777
newyorkfashionweek_0,40.7142,-74.004311
newyorkmet_0,40.75683419,-73.84602157
niagara fall_2,43.08584417,-79.07584263
niagarafall_1,43.08584417,-79.06659379999999
niagaraonthelake_0,43.25,-79.07204
nickjona_0,33.9583,-118.34186000000001
nile_0,42.0189191,-87.79986016
nmaahc_0,38.891955100000004,-77.03224240000002
nmtrue_3,35.106708305,-106.57450204
nogale_0,31.3011855,-110.9381047
noho_2,34.16606347,-118.37525081999999
nola_3,29.95748,-90.06665
norcal_4,37.78454,-122.41799999999999
nordstromeaton_0,43.65466,-79.380565
north bottom_0,40.82562,-96.70693
north park_0,32.74438154,-117.13
north texas_0,32.801041784999995,-96.79291373999999
north york_0,43.74743205,-79.4149827
northcounty_0,38.776537,-90.2456007
northpark_1,32.74921888,-117.13006274
northrichlandhill_0,32.8342952,-97.22890290000001
northwale_0,40.2109404,-75.2782317
notre dame stadium_0,41.6983,-86.2339
novsnyg_0,40.8150951,-74.07477940000001
nrg stadium_0,29.684801730000004,-95.41083333
ntxgivingday_1,32.78184408,-96.8
ny giant_1,40.81395484,-74.07477890000001
nyc_23,40.68659317,-74.10617174
nyc_24,40.8529434,-74.0621127
nyc_28,40.739965999999995,-73.99265
nyc_29,40.684444465,-73.951895895
nyc_32,40.843922615,-73.9343315
nyc_33,40.77649749,-73.8721185
nyc_36,40.75119125,-73.837031655
nyc_38,40.64338277,-73.78137199999999
nyc_39,40.61628723,-73.91081616
nyc_19,34.0522,-118.34137853
nyceat_1,40.72170842,-73.99455337500001
nyceats_0,40.72821441,-73.99986432
nycfc_1,40.82963452,-73.92645
nycfood_0,40.741639899999996,-73.99021
nycfoodie_0,40.72436788,-73.98410759
nycskyline_1,40.723461955000005,-74.02668274999999
nycstyle_0,40.722359999999995,-73.99301573
nydc_0,40.74552552,-73.98074758
nygiant_2,40.81417164,-74.07477940000001
nygiant_3,40.8959812,-73.979387555
nypd_3,40.73083333,-73.98644
nyu_0,40.72980826,-73.99641702
oakland collesium_0,37.7522742,-122.20253396
oakland raider_0,37.75141274,-122.20077172
obetz_0,39.8789527,-82.9507363
observatory_1,32.748000000000005,-117.13127
observatory_2,33.699729600000005,-117.91768383
obx_6,36.021791535000006,-75.663158705
obx2016_0,36.427860945,-75.838495385
oc_6,33.8074725,-117.905225305
oc_7,33.636960665000004,-117.92269739
oc_8,33.71421732499999,-117.847410655
oceanspring_0,30.409592600000003,-88.8278057
oculus_0,40.7116409,-74.01112478
okc_2,35.4675602,-97.5175
okstate_1,36.1215,-97.0685
old dominion university_0,36.88573164,-76.3044579
oldmontreal_0,45.50061648,-73.55638025500001
oldtownsandiego_0,32.75393697,-117.19641053
ole miss_2,34.36163114,-89.53385776
olneyspring_0,38.1661162,-103.9446792
olympia weekend_1,36.126704,-115.16708500000001
olympic national park_0,48.08884923,-123.42581237
olympic national park_1,48.09988798,-123.42581237
one pilot_0,33.78251705,-84.372070855
ontario intl_0,34.06027952,-117.5883232
ontario intl airport_0,34.06027952,-117.5883232
ontarioplace_0,43.6297,-79.414125
oow16_2,37.7841187,-122.40176385000001
openstreet_0,44.957102899999995,-93.27068421
openthegate_1,44.97354,-93.25751
oracle hq_0,37.53073,-122.26245
orange county_0,33.747953485,-117.84565638
orangeca_0,33.829626899999994,-117.8582588
oregon state_0,44.56329831,-123.27803229
oregoncoast_0,45.505985035,-123.89450472
oriole_2,39.28396979,-76.62152957
oriole park_0,39.28396979,-76.62152957
orioles_0,39.2843,-76.62152957
orlando sanford_0,28.77549585,-81.243953035
orovalley_0,32.4019567,-110.96648799999998
orpheum_0,27.960237685,-82.437380895
ou_0,35.205870000000004,-97.4421553
outer bank_4,35.907089,-75.60738990000002
output roof_0,40.72222338,-73.95769301
pacificnw_0,45.509529375,-122.81742531
packer_28,44.97354,-93.25751
packer_30,42.98806698,-87.90245431
packer_3,37.7767782,-122.24150577
packer_18,41.914784615,-87.81300408999999
packer_20,34.173277,-118.33296000000001
palace_2,35.20608577,-97.4421553
palace_3,37.802778,-122.448333
palm spring_3,33.824,-116.53
palmspring_3,33.824,-116.53992463
palmspring_4,33.73678205,-116.393046
panthernation_0,35.225879434999996,-80.85167974
pappasito s cantina_1,29.653875745,-95.27742509999999
park avenue_0,40.7609177,-73.97247
pasoroble_2,35.6260123,-120.6865321
patriots_4,42.0910661,-71.26418266
pats_3,42.0910661,-71.26520903
patsnation_2,42.0910661,-71.2662354
pcb_0,30.2074,-85.8515
pdx_2,45.52,-122.682
pdx_3,45.58917245,-122.59457498
pdxeat_0,45.524455595,-122.66006023
pdxeats_0,45.50481,-122.6366
peaceful protest_0,35.22694444,-80.84333333
penn state_0,40.80048486,-77.85967600000001
pennsaukentownship_0,39.9639973,-75.05633459999999
pennsdale_0,41.243136299999996,-76.7966262
pensacolabeach_0,30.3333,-87.1556171
petalumaca_0,38.232417,-122.6366524
pheonix_0,33.437141600000004,-112.00156847
philadelphia zoo_0,39.97281734,-75.19603366
philly_1,40.75683419,-73.84602157
philly_2,39.945578999999995,-75.16648423
phillyfringe16_0,39.94628295,-75.17597653
phl_1,39.8894666,-75.2307785
phoenix sky_0,33.436075515,-111.99976028500001
phx_1,33.45574498,-112.075231625
piedmont park_0,33.78611111,-84.37333333
pier_12,41.891482115,-87.608612885
pier_21,34.01032269,-118.49668631
pier39_0,37.80878611,-122.41065616
pier59 studio_0,40.74559174,-74.0088213
pikesmarket_0,47.608171325,-122.33701517
pikespeak_2,38.908229999999996,-105.0427521
pilsen_0,41.850218100000006,-87.66734437
pinella_1,28.0562,-82.70921
pitfire_0,34.02293814,-118.34165424000001
plantation_0,26.1275862,-80.2495
playa_4,40.78262222,-119.20826389
playavista_0,33.97514813,-118.42973403
pleasantonca_0,37.661311479999995,-121.874626335
pluto_0,28.4145451,-81.57449693
pnw_10,48.78048748,-121.41200738500001
pnw_26,47.9112,-122.09612
pnw_38,47.620518919999995,-122.34088964
pnw_39,47.55170443,-122.394907245
pnw_45,45.52,-122.682
pnw_31,48.51754973,-122.70574313
pnw_24,47.6858,-122.19200000000001
pnw_9,48.3833,-123.46054531
pnwonderland_0,47.633077,-122.41004666500001
point reye_1,38.040636265,-122.79993811
pompano_0,26.24584618,-80.1042682
port canaveral_0,28.41350514,-80.62802296
port of astoria_0,46.18956377,-123.85736854
portlandmaine_0,43.659,-70.25412483
portlandoregon_0,45.523062200000005,-122.67648159999999
postfall_0,47.7179578,-116.95158559999999
potato chip rock_0,33.00927896,-116.97423904
poudre canyon_0,40.58149037,-105.0581803
prayforcharlotte_2,35.22694444,-80.84333333
premiere_4,34.097801544999996,-118.32722515
printer s alley_0,36.16457877,-86.77869411
providence college_0,41.84465112,-71.43606554
public garden_0,42.3541,-71.0699
publik_0,40.747845,-111.89348600000001
pugetsound_1,47.61473698,-122.40700000000001
pugetsound_2,48.55620135,-122.8439371
purdue_1,40.4263355,-86.91300144499999
purdue university_0,40.4263355,-86.91243174
qualcomm stadium_0,32.78335453,-117.12012593
quebec_12,45.5,-73.5833
quebeccity_0,46.81280415,-71.2079809
queen anne rd_0,40.894015,-74.013932
queen bey_0,37.40318386,-121.97103912
queenbey_0,37.40318386,-121.97103912
queenofkatwe_1,34.119578454999996,-118.33977578
quinnipiac university_0,41.41921,-72.89395999999999
qvc_0,39.9932399,-75.58403630000001
radford university_0,37.13783376,-80.55076553
radio city music hall_0,40.75987698,-73.97975837
radiocity_1,40.759877545,-73.979757365
raider game_2,37.751672475,-122.20057668
raidernation_4,37.75166667,-122.2025617
rained_4,33.781731195,-84.37080838
raleighbeerweek_0,35.78251635,-78.64023969
ralphs_3,33.67162206,-117.79000282
rams_5,34.01367,-118.28648999999999
red carpet_3,29.95438,-90.07292
red carpet_7,34.04467,-118.26575244
red carpet_8,34.10160277,-118.36879
red sox_0,39.284144365,-76.62156621
redcarpet_7,34.04467,-118.26616999999999
redcarpet_8,34.0879,-118.37735
reddingca_0,40.5865396,-122.3916754
redhotchilipepper_0,34.01367,-118.28648999999999
redland_0,34.059243949999995,-117.18249159999999
redrockcanyon_0,36.143906924999996,-115.43274181499999
redskin_6,38.90751098,-76.86407199
redskin_8,40.803088085,-73.98793604
redskin_2,32.673641100000005,-97.1934949
redskin fan_2,38.90751098,-76.86407199
redsox_3,42.34644218,-71.09719140000001
resolute_0,39.584656499999994,-104.884858
rhode_3,41.742614904999996,-71.405297455
rice university_0,29.71797079,-95.40111221
rick husband_0,35.21874773,-101.70567578
rino_0,39.76337,-104.98105
riot_2,41.86009972,-87.69812009
riot fest_1,41.89980367,-87.701795255
riotfest_1,41.86009972,-87.6984625
riotfestsuck_0,41.86,-87.7
rittenhouse_0,39.950568200000006,-75.17241839500001
riverfall_0,44.8613563,-92.6238082
riverside drive_0,40.81611111,-73.96222222
riverwalk_3,41.88728192,-87.62787351
rmnp_2,40.31896686,-105.64203266999999
roadtoamericanafest_0,36.165,-86.78388889
roanokerapid_0,36.4615395,-77.6541464
rob zombie_0,41.861189859999996,-87.69906004500001
robinsontownship_0,40.4657924,-80.1316927
roc_6,43.15836281,-77.60159514
rochesterny_0,43.1655,-77.60248059999999
rock allegiance_0,39.8329767,-75.3774702
rockallegiance_0,39.8327464,-75.3807115
rockwood music hall_0,40.72232224,-73.98883246
rocky mountain_2,40.37730919,-105.51997766
rockymountain_0,40.34611529,-105.51997766
ronald reagan_1,38.852534999999996,-77.04248088
roncesvalle_1,43.646118924999996,-79.4488212
ronenglishart_0,40.7392351,-74.00816
rosarito_0,32.3661011,-117.0617553
roundlakebeach_0,42.379372,-88.0760458
route66_3,35.51875375,-108.7785948
route66_0,35.2243,-111.919265795
route66_6,35.19829594,-111.631
rtd_1,39.64590585,-104.93211725
runchi_0,41.89427541,-87.661739015
runyon canyon_0,34.10447513,-118.35
runyon canyon hike trail_0,34.10447513,-118.34887978
runyon canyon park_0,34.11,-118.35
runyoncanyon_1,34.11,-118.35
russell orchard_0,42.66501753,-70.80034723
rutger_4,40.5025552,-74.4499
rutger university_0,40.5021526,-74.4514252
rva_2,37.54343955,-77.46147916000001
rvadine_0,37.54464,-77.43986
ryebrook_0,41.0192641,-73.68346209999999
ryman auditorium_0,36.16127239,-86.77844379999999
sacramento river_0,38.582778000000005,-121.50694399999999
safeco field_0,47.59146558,-122.33252560000001
saginaw valley state university_0,43.51317668,-83.96353886
saint game_0,29.964959999999998,-90.059
saintclairshore_0,42.4974085,-82.8963604
salemma_0,42.518561500000004,-70.898503
sam houston state_0,30.71522822,-95.54784241
san_9,37.33005245,-121.898835325
san_20,32.73238259,-117.1897
san_25,37.775,-122.41799999999999
san_3,34.1295,-117.77906492
san_12,37.615608,-122.38587174
san fran_0,37.781732415,-122.404302665
san francisco international_0,37.615608,-122.389544
san francisco state_0,37.72262723,-122.47860948
san jose california_0,37.3041,-121.87299999999999
sanfran_2,37.78590621,-122.41799999999999
sangennaro_0,40.71871743,-73.99763026
santa monica pier_0,34.01032269,-118.49668631
santafespring_0,33.9472359,-118.08534509999998
santamonicabeach_0,34.02662784,-118.45861288
sapteched_0,36.120090000000005,-115.166
sarnia_0,42.974536,-82.4065901
saugerty_0,42.0775906,-73.95291259999999
saultstemarie_0,46.4807699,-84.3568497
savannah college of art_0,33.7967299,-84.39103
scratch dj academy_0,25.802640399999998,-80.2025733
sdbeer_0,32.828484949999996,-117.18034
sdinhd_0,32.707333,-117.156944
sea_11,30.290442395,-87.402368975
sea_21,47.44395903,-122.30177053
sea_3,36.55499863,-121.9233155
seahawks_13,34.01367,-118.28648999999999
seahawks_14,47.6064,-122.33184223
seahawks_2,32.7476737,-117.16026310000001
searstower_0,41.87883384,-87.63608593
seaside park beach_0,39.92925691,-74.07311476
seatac_0,47.44395903,-122.30177040000001
seattle center_0,47.62204278,-122.35407958
seattlelife_1,47.6058287,-122.33367
seattletacoma_0,47.44395903,-122.30177053
seattletacoma international_0,47.44395903,-122.30177053
seattlewa_0,47.6062095,-122.33207079999998
seavsla_5,34.021166575,-118.28648999999999
seavsla_6,38.90045766,-77.03316792999999
sequoia_1,36.757876855,-119.80214525
session room_0,42.284555,-83.803685
sf_1,37.78745903,-122.40527823
sfart_0,37.78950895,-122.42009645
sfgiant_5,37.77854483,-122.38977533
sfmoma_0,37.785920000000004,-122.40073999999998
sfo_2,37.615608,-122.389544
sharethelex_1,38.043797,-84.494782195
sharonville_0,39.26958478,-84.4132746
shawtylo_1,33.7489,-84.3881
sheppard avenue_0,43.7820315,-79.30402065000001
sheridan dr_0,42.9773225,-78.898459
shermanoak_1,34.1527679,-118.451357
shipwrecked_0,32.70725,-117.15450000000001
short north_0,39.98031077,-83.01150891
shorthill_0,40.7483499,-74.3232194
showbox present_0,47.61177,-122.33282
siestakey_0,27.27639925,-82.5641394
silicon valley_1,37.4023194,-122.065129535
simi valley town center_0,34.2694474,-118.78148200000001
sincity_1,36.12440773,-115.16851536
six flag_0,40.13813054,-74.43950401
six flag_1,29.6034626,-98.6019652
sixflags_0,34.42430814,-118.59528665
skidawayisland_0,31.9349381,-81.0470536
skol_1,44.97354,-93.25751
skol viking_1,44.97354,-93.25751
skolvike_1,44.97354,-93.25751
skolviking_3,44.97354,-93.257555
slc_3,40.78782,-111.980673
smithsonian_0,38.890852,-77.02608953
smogcitybeer_0,33.847140100000004,-118.31377645
smokymountain_2,35.7219,-83.4993
smorgasburg_1,34.03182083,-118.23909044
smu_2,32.84157573,-96.78408958
snallygaster_0,38.8736351,-77.00309005
snf_0,44.97354,-93.25751
snf_3,40.674463725,-73.950021675
snf_1,34.02568203,-118.2497
sobe_0,25.78561993,-80.132638345
socal_21,34.05355,-118.243
socal_26,33.76156496,-118.15621637
socal_7,34.0304,-118.779
soho_0,40.723056,-74.000833
somerset collection_0,42.562709999999996,-83.18413000000001
sonoma raceway_0,38.16045049,-122.45456750000001
sonomacounty_2,38.29015044,-122.42021138000001
sony music_0,40.74200427,-73.98665993
sony picture studio_0,34.017222,-118.40166699999999
sooner_1,35.20608577,-97.4421553
south avenue_0,40.624372,-74.25808699999999
south beach miami_0,25.82417806,-80.12139379
south street_1,39.94214973,-75.15452276
southern university_0,32.42500002,-81.78003556
southflorida_7,25.78446847,-80.2241
southflorida_3,26.1358,-80.1418
southloop_0,41.87053605,-87.62832355
spaceneedle_0,47.62054794,-122.34923453
spadina_0,43.652230814999996,-79.396777435
sparkcon_0,35.77691247,-78.6391935
spartanrace_1,43.62606095,-72.79694681
spartanrace_4,33.36764337,-117.05532539
spicysalmon_1,43.649580035,-79.438341175
sportland_0,43.6414716,-70.2408811
spx_0,39.04690577,-77.11601386
square_22,40.758390000000006,-73.98644
square_28,34.07533652,-118.38414876
square_2,43.623216665,-79.62687463
ss17_0,40.75749449999999,-73.99849123999999
sshp_0,39.94448611,-75.14141791
st cloud_0,28.24602985,-81.2830485
star war_5,33.76484015,-118.19116754
statueofliberty_0,40.70286,-74.01676903
staugustine_1,29.895813240000003,-81.312109145
stcharle_0,38.7881062,-90.4974359
steamboatspring_0,40.4849769,-106.83
steeler_11,40.446586815,-80.01582818
steeler_2,34.1486,-118.37468999999999
steeler game_0,40.449749999999995,-75.71235
steelernation_3,40.44666667,-80.01583333
stegenevieve_0,37.9786618,-90.04755820000001
stigmabase_0,25.7231361,-80.20185547
stl_8,38.633361799999996,-90.25383497
stlipa_0,38.51755,-90.29814999999999
stlouis_4,38.6270025,-90.1994042
stlouis_5,38.5805,-90.29467348
stlucia_0,40.76961486,-73.99277018
stlucia_1,33.78181641,-84.37040608
stone street_0,40.70430249,-74.01028588
storrs_0,41.803812449999995,-72.2485586
stpete_1,27.771345000000004,-82.65634322
stpetebeach_1,27.7205407,-82.7430016
stpetersburg_1,27.759121705,-82.629384595
streetsoftoronto_1,43.7166,-79.3407
streetstyle_0,40.721958,-74.001005925
streetstyle_2,47.609088715,-122.333990685
strip_0,36.12083333,-115.17222222
strip_2,34.11884778,-118.38520222
strose_0,29.9468716,-90.3231349
stubbs_0,30.26861738,-97.736142285
stubhub center_0,33.86392359,-118.26130935
sugar factory_0,40.740567999999996,-74.007594
sun dial restaurant_0,33.759499345,-84.388608245
sundownmusicfestival_0,33.6929,-117.96576501999999
sunset marquis_0,34.092239899999996,-118.37735
sunsetblvd_0,34.09489875,-118.373712515
sunsethill_0,38.5540621,-90.4082185
suny cortland_0,42.59537877,-76.19314932
surf_4,33.99898009,-118.4854065
swfl_0,26.6318,-81.86998499999999
syracuse university_0,43.04000252,-76.13477758
tahoe_5,38.94,-119.977
tahoe_4,39.14925947,-120.03190857
tahoe resort_0,39.23988491,-119.94338952
tamarac_0,26.2128609,-80.2497707
tampa international airport_0,27.97907301,-82.53471217
tampabay_3,28.004072995,-82.474578855
target field_0,44.98166661,-93.27773329
tarleton state university_0,32.21603483,-98.21880514
tatsuya_0,30.30744768,-97.73946072499999
tavara_0,28.804157899999996,-81.72563199999999
tb12_0,42.09297455,-71.265134985
tbvsaz_1,33.52812869,-112.26250073
tdot_1,43.657580554999996,-79.36199935
tdot_2,43.70535,-79.47117
team canada_0,43.6470715,-79.3793292
tearsforfear_0,45.67183617,-120.88115092
tech startup_0,37.7959362,-122.40000320000001
temeculavalley_0,33.543828930000004,-117.04021835500001
temple university_0,39.980575099999996,-75.15605740999999
teragram ballroom_0,34.051814799999995,-118.2669242
terminal_2,42.357257975,-71.027032505
terminal_13,40.64347783,-73.78217411
terminal_18,40.76961486,-73.99277018
terminal5_0,40.76961486,-73.99277018
texan_9,29.68513756,-95.41085967
texan_11,29.7449321,-95.39287218
texan_1,30.2672,-97.7639
texasmusic_0,30.255297325,-97.757949255
texastech_0,33.5877774,-101.87312161
tfc_1,43.632778,-79.418611
the6_3,43.7166,-79.3407
the6_4,43.64426,-79.36103
the6ix_1,43.65003,-79.3826
theabbey_0,34.08343781,-118.38525147
theastergate_0,43.65351,-79.39252990000001
thebean_0,41.882689025000005,-87.62334355499999
thebroad_1,34.0543137,-118.2502899
theemmys_0,34.0453537,-118.26738311
thehotelcafe_0,34.10046624,-118.32968256
thekiller_0,33.78181641,-84.37080838
themet_0,40.77913489,-73.96294635
thesearetheday_0,41.14354,-81.34403
thevillage_1,28.927019,-82.0037608
thewoodland_0,30.1658207,-95.4612625
thiefriverfall_0,48.119135299999996,-96.1811473
third street_0,34.015514835000005,-118.495685455
thunderbay_0,48.43402685,-89.2333
thundercat_0,34.11192549,-118.33864386
tice_0,26.674792999999998,-81.8150845
tiff16_1,43.64881616,-79.390112015
tiff2016_0,43.6544152,-79.39081632
tiffin river_0,41.586162,-84.4349491
tiger stadium_0,30.4117223,-91.18407828
tijuana_0,32.51847954,-117.03299999999999
time warner cable arena_1,35.22531955,-80.83948391
times_0,40.758390000000006,-73.98644
timesquare_0,40.758390000000006,-73.98644
timessquare_0,40.758390000000006,-73.98644
timonium_0,39.4452108,-76.63105488
tmobile arena_0,36.10352,-115.1736
tom bradley_0,33.94341319,-118.40876009
topgolf_2,33.79871232,-84.4280203
toronto beache_0,43.66981913,-79.28771943
toronto international film festival_0,43.6578838,-79.38406311
toronto island_0,43.62094362,-79.37861111
torontofinal_0,43.64110187,-79.35466433
torontofood_1,43.67765058,-79.37881999999999
torontolife_2,43.64851808,-79.38903601000001
torontoonm4p1e4_0,43.707221000000004,-79.3991697
toughmudder2016_0,41.82181398,-84.17892905
tourchampionship_1,33.74337250000001,-84.302905
tower of terror_0,33.8070015,-117.917077565
tremblant_0,46.20738524,-74.55311674
tribeca_0,40.7183,-74.0078
truck_0,43.716857149999996,-79.4032255
tubeu2016_0,39.24023775,-119.94322277
tulalip_0,48.0793305,-122.22466616
turf_0,43.6368873,-79.40675240000002
turfto_0,43.6368873,-79.40675240000002
turner field_0,33.73606746,-84.38944008
turner hall ballroom_0,43.0435141,-87.9158051
twinfall_0,42.569448799999996,-114.46087109999999
tyler tx_0,32.351260100000005,-95.3010624
tyson_0,38.9187222,-77.2310925
ucf_1,28.60191879,-81.20068844
ucla_4,34.04696935,-118.2499105
ucla_5,34.0704452,-118.44494507
ucm_0,38.75809007,-93.73988506
uconn_0,41.80665198,-72.25411287
ucsb_1,34.41346363,-119.84797939
ues_0,40.77231,-73.96486999999999
un_2,40.75017128,-73.96793369
unc charlotte_1,35.30693984,-80.73347063
unc pembroke_0,34.68829627,-79.20092559999999
uncg_0,36.070309,-79.812895
unga_0,40.75017128,-73.96800307999999
unga_3,38.8991,-77.029
union eav_0,33.74077937,-84.34661585
uniongap_0,46.565388899999995,-120.4788338
united nation_0,40.750151275,-73.96793369
united nation general_0,40.750205635,-73.97415013
united nations_0,40.75013127,-73.96791678
united state_0,40.0,-100.0
universal studio_1,34.13819797,-118.35439145
universal studio_3,28.47610002,-81.46835875
universal studio hollywood_0,34.13767425,-118.35439145
universalstudio_0,28.475275415,-81.46911993
universalstudios_3,28.47318997,-81.46981792
university of arkansa_0,36.068340299999996,-94.1684875
university of cincinnati_0,39.13118759,-84.51574782
university of maryland_0,38.987097015,-76.93732037
university of michigan_0,42.27676255,-83.73981035
university of phoenix stadium_0,33.52728,-112.26223
universityheight_0,41.49783060000001,-81.5373456
unlv_0,36.124146255,-115.14058624
uottawa_0,45.42276994,-75.68392864
upperstclair_0,40.340128,-80.0548183
upperstclaire_0,40.3205701,-80.0870155
uptown_20,40.7142,-74.005221775
uptown charlotte_1,35.22483977,-80.84079342
uptown theater_0,39.06100848,-94.59103601
usbankstadium_0,44.97354,-93.25751
usc_0,34.04667459,-118.26478323500001
usf_3,28.06111866,-82.40795840000001
usi_0,37.962054955,-87.67633667000001
usil_0,42.0333607,-87.99271225000001
usnj_0,40.5372861,-74.3397448
utahisrad_0,40.44920048,-111.65667036
utep_1,31.77066162,-106.4855885
uw_1,47.65054787,-122.30666479
uwmadison_0,43.0739977,-89.39801056
uws_0,40.774118555,-73.980015485
van cortlandt park_0,40.89139797,-73.89701053
van ness_0,37.78678264,-122.41919887
van nuy_0,34.197948215,-118.448
vcu_0,37.54703,-77.45289
vegas_28,37.615561195,-122.38770787
vegas_31,36.1561953,-115.29065109999999
vegas_32,36.02322123,-115.08831161
vegas_37,35.8401498,-115.27082630000001
vegas_42,36.11245459,-115.17222222
vegas_43,36.175,-115.13600000000001
vegas_25,34.0851,-118.332941035
vegas_19,36.135661999999996,-115.4530257
vegas_12,35.26583961,-116.074
vegasview_0,36.10639291,-115.17222222
venice beach_1,33.98769691,-118.47393793
venicebeach_1,33.98769691,-118.47393793
verizon center_0,38.89813,-77.02091999999999
verrado way_0,33.45686411,-112.32514649000001
versaille_0,39.071998799999996,-85.2519035
vfl_0,35.95490907,-83.92706717499999
viera_0,28.237167,-80.726787
viewcolorado_0,40.12626338,-105.67692020999999
vigo high school_0,39.492886,-87.363455
vin_3,34.07367453,-118.24027306
virginia commonwealth university_0,37.540724600000004,-77.4360481
virginia tech_0,37.22880812,-80.41732343
vol_0,35.9548989,-83.9422
volusia county_0,29.2483138,-81.03936125
voodoo doughnut_0,45.52256119,-122.67339046
wall street_3,40.70657189,-74.0094194
walltownship_0,40.160666600000006,-74.0679753
walt_0,28.3756625,-81.5494125
walt disney studio_0,34.15694444,-118.325
walt disney world_0,28.3756625,-81.5564
waltdisneyworld_1,28.41019245,-81.58050366
warner theatre_1,38.89639501,-77.02950990000001
warnerrobin_0,32.6130007,-83.624201
washington university_1,38.6270025,-90.1994042
washingtondc_5,38.8951,-77.03494408
washingtondc_6,38.907684035,-76.86395555499999
waterfront portland oregon_0,45.51693644,-122.67260339
watkin_0,42.3771,-76.8717
wauwatosa_0,43.04957655,-88.0300445
wch2016_7,43.64315935,-79.3793292
wch2016_8,43.7166,-79.3407
wdw_1,28.3756625,-81.57941
wearetexan_0,29.684873,-95.4108043
webbersfall_0,35.510929600000004,-95.1299597
webster hall_0,40.7315672,-73.98885820000001
wec_0,30.13441423,-97.63952656
wegman_7,40.629076069999996,-75.46550316
weho_2,34.0879,-118.37327734
welovela_1,34.07367453,-118.24027306
west georgia_1,33.57404332,-85.09738368
west village_1,40.73581304,-74.00485638500001
westchester county airport_0,41.076198,-73.70406234
westchestercounty_0,41.1220194,-73.7948516
westcoast_2,47.59893279,-122.3317628
westcoast_0,33.89455747,-118.0725
westcoast_4,34.0304,-118.459
westdesmoine_0,41.5772115,-93.77747
westhill_0,34.197312200000006,-118.628336985
westlosang_0,34.033511700000005,-118.46303759999999
westsaintpaul_0,44.9160768,-93.1016074
westseneca_0,42.835897700000004,-78.7538895
westvalleycity_0,40.691613200000006,-112.00105009999999
westvillage_0,40.73466489,-74.00386
wetrepublic_0,36.10495842,-115.16621104
wgbh_0,42.35727,-71.14831
whatsnewwhatsnext_0,40.74550771,-73.98065879
whereiroot_0,47.59146558,-122.33252336
whitefishbay_0,43.118320700000005,-87.90630290000001
whodey_5,39.096474395,-84.51771740000001
wichitafall_0,33.90003660000001,-98.49338730000001
willamette_2,45.527508499999996,-122.67043050000001
williamsbrice_0,33.97321383,-81.01931041
williamsburg nyc_0,40.71757837,-73.95823242
williamsburg waterfront pier_0,40.720106200000004,-73.96481788
willowdale_0,43.7076314,-79.39675285
windsorheight_0,41.6146348,-93.71285999999999
windsorlock_0,41.924291700000005,-72.64544690000001
windy city_0,41.89145729,-87.62367990000001
windycity_1,41.88270833,-87.63608359999999
winecountry_5,38.483519875,-122.43930464
winecountry_6,38.32225598,-122.29248826999999
winforvin_0,34.07367453,-118.24027306
winterspring_0,28.6738781,-81.28558095
winwoodwall_0,25.80587603,-80.19738702500001
wisconsinla crosse_0,43.81531032,-91.22887152
wiseacre_0,35.1360848,-89.9796358
woodland hill_0,34.16805452,-118.60622227
woodlandhill_1,34.165357,-118.6089752
world cup_0,43.64842391,-79.37536382
world trade center_0,40.71117361,-74.01234473
worldcup_0,43.64315935,-79.3793292
worldcupofhockey_1,43.64315935,-79.3793292
worldtradecenter_1,40.711407255,-74.012471635
wpc2016_0,45.5282821,-122.66200760500001
wrigley field_0,41.94790188,-87.65583246
wrigleyfield_0,41.94790188,-87.65583246
wtc_0,40.7116409,-74.01297836
wynn la vegas_0,36.12659999,-115.16633861
wynwood_1,25.8011398,-80.19928832
wynwood wall_0,25.8011398,-80.1993179
wynwoodwall_0,25.8011398,-80.1993179
yankee_0,42.34644218,-71.09719140000001
yankee stadium_0,40.82954,-73.92645
yardley_0,40.245664,-74.84599720000001
ygk_0,44.2333,-76.4833
yonker_0,40.9312099,-73.87523050000001
yorktownheight_0,41.2709274,-73.77763359999999
youngstown state university_0,41.10686858,-80.64896064
yyj_2,48.431304,-123.36595058
yyz_1,43.684599500000004,-79.41728220000002
zac_0,27.99294199,-82.36398777
zinzinnati_0,39.10158566,-84.510807
